actor_id,actor_name
1,Laura Williams
2,Isabella Garcia
3,Amelia Jones
4,Jane Wilson
5,John Martinez
6,David Martinez
7,Isabella Williams
8,Robert Jackson
9,Olivia Thomas
10,Emily Thomas
11,Laura Martin
12,Chris Anderson
13,Daniel Moore
14,Mia Wilson
15,Charles Garcia
16,Sarah Moore
17,Chris Davis
18,Sophia Hernandez
19,Matthew Garcia
20,Mia Anderson
21,Chris Anderson
22,Sarah Jones
23,Sophia Thomas
24,Daniel Johnson
25,Sophia Garcia
26,Emily Moore
27,Mia Moore
28,Amelia Thomas
29,Charles Hernandez
30,Jane Johnson
31,David Hernandez
32,Emily Jones
33,Olivia Johnson
34,Robert Williams
35,Jane Lee
36,Sophia Jones
37,John Brown
38,Chris Williams
39,Joseph Brown
40,Sarah Thomas
41,Jane Gonzalez
42,Isabella Lopez
43,Robert Brown
44,Daniel Taylor
45,Joseph Brown
46,Daniel Smith
47,Robert Jackson
48,Olivia Wilson
49,Sarah Wilson
50,Sarah Moore
51,Matthew Lee
52,John Smith
53,Daniel Miller
54,Emily Thomas
55,Laura Miller
56,Charlotte Garcia
57,Charlotte Brown
58,James Johnson
59,Daniel Thomas
60,Laura Hernandez
61,James Williams
62,Sophia Martinez
63,James Davis
64,Mia Gonzalez
65,Sophia Lopez
66,Robert Gonzalez
67,Mia Williams
68,Chris Martinez
69,Charles Moore
70,Matthew Taylor
71,Mia Lopez
72,Joseph Taylor
73,James Brown
74,Charlotte Lopez
75,David Williams
76,Isabella Martin
77,Olivia Wilson
78,Chris Smith
79,Charlotte Jones
80,James Williams
81,Isabella Anderson
82,Joseph Lee
83,Joseph Anderson
84,Chris Taylor
85,Sophia Davis
86,Michael Williams
87,Matthew Lopez
88,Robert Lee
89,Isabella Williams
90,Chris Miller
91,Jane Moore
92,Sophia Brown
93,Sophia Wilson
94,Robert Hernandez
95,Sophia Hernandez
96,Jane Wilson
97,Olivia Thomas
98,Robert Taylor
99,Sophia Jackson
100,Joseph Brown
101,James Johnson
102,Matthew Lee
103,James Miller
104,James Gonzalez
105,Chris Brown
106,Jane Martin
107,Matthew Johnson
108,Amelia Thomas
109,Sarah Brown
110,Charlotte Jackson
111,Sophia Lee
112,Charles Thomas
113,Sophia Jackson
114,Olivia Garcia
115,Robert Jackson
116,Sarah Miller
117,Joseph Miller
118,Isabella Lopez
119,Matthew Moore
120,Matthew Johnson
121,Laura Brown
122,David Smith
123,Laura Wilson
124,Isabella Thomas
125,Mia Lee
126,Charles Thomas
127,Jane Hernandez
128,Laura Wilson
129,David Lopez
130,Isabella Gonzalez
131,Daniel Thomas
132,Charles Gonzalez
133,Emily Anderson
134,Jane Martinez
135,Emily Anderson
136,Sophia Brown
137,Olivia Garcia
138,Jane Moore
139,Olivia Gonzalez
140,Sarah Gonzalez
141,Olivia Lee
142,Matthew Smith
143,Laura Thomas
144,Amelia Brown
145,Sarah Jackson
146,Amelia Jackson
147,Matthew Johnson
148,Isabella Martinez
149,Olivia Martin
150,Sarah Lee
151,Mia Moore
152,Matthew Davis
153,Amelia Brown
154,Mia Lee
155,Joseph Martinez
156,Laura Davis
157,Sarah Garcia
158,Olivia Davis
159,Charlotte Hernandez
160,Jane Martinez
161,Chris Williams
162,David Anderson
163,Isabella Thomas
164,Charles Jackson
165,Robert Moore
166,Mia Jones
167,Amelia Lopez
168,Michael Miller
169,Sarah Smith
170,Jane Martin
171,John Davis
172,Sarah Anderson
173,Amelia Jones
174,James Garcia
175,Joseph Gonzalez
176,Emily Anderson
177,Charles Johnson
178,John Anderson
179,Michael Smith
180,Sarah Martinez
181,Charlotte Johnson
182,Jane Moore
183,Isabella Hernandez
184,James Jackson
185,John Hernandez
186,Jane Garcia
187,John Smith
188,Daniel Hernandez
189,Isabella Johnson
190,Chris Brown
191,Sophia Thomas
192,Daniel Thomas
193,Amelia Anderson
194,John Williams
195,Amelia Thomas
196,Robert Davis
197,Laura Davis
198,Sarah Wilson
199,John Brown
200,Chris Anderson
